word,context,adagram_meaning,cluster_meaning,meaning
идти,пресс секретарь президент россия дмитрий песок объяснить ситуация с запись он встреча с студент высокий школа экономика они быть удалить не из за цензура он слово в пятница 30 март передавать корреспондент лента ру никакой там цензура нет что касаться журналист то мы просто не договориться вначале точнее неточно договориться сказать он песок исходить из тот что это абсолютно закрытый откровенный разговор и обмен мнение у они быть иной понимание режим освещение наверное просто это действительно мы нечётко условиться но ничего в это страшный нет пояснить пресс секретарь мы говорить о новый медиа и новый медиа собственно весь информация о это получить а ни о какой цензура здесь абсолютно речь не идти потому что весь информация она и так доступный но я действительно просить это никак не публиковать потому что я исходить из тот что это не открытый разговор а скорее дискретный добавить он 30 март сообщаться что медиацентр высокий школа экономика удалить запись выступление пресс секретарь президент в время ток шоу в точка однако в социальный сеть быть опубликовать фрагмент выступление снятой на мобильный телефон сам учиться в время ток шоу 29 март песок отвечать на вопрос студент например о тот почему президент владимир путин не выйти к митинговать после пожар в кемерово также он рассказать что считать оппозиционер алексей навальный нарцисс и эгоист хотя никогда с они не встречаться помимо это песок вступиться за обвинить в домогательство депутат госдума леонид слуцкий,4.0,7.0,-1
идти,представитель российский мид мария захаров объяснить свой грубый высказывание в адрес руководство другой страна интервью у дипломат взять журналистка ирина шихман оно доступно на youtube корреспондент отметить что язык который использовать российский руководство стать грубоватый и хамоватый в пример шихман привести заявление о тот что русский хакер взломать президент сша барак обама мозг захаров отказаться признавать свой слово неприличный и грубый ведь речь идти о конкретный заявление обама это точно такой же лексика только с тот сторона она начать не мы объяснить она когда президент соединить штат позволять себя вообще вне контекст сравнить допустить президент другой страна с какой то школьник скучать на задний парта то тут ты понимать что мир немножко измениться по слово дипломат запад не воспринимать интеллигентный и дипломатический лексика никто бы в голова не прийти говорить такой вещь если бы не то что говорить мы сказать она спикер мид также прокомментировать свой слово о тот что президент украина пётр порошенко уже давно ошибиться дверь по она мнение такой высказывание адекватный ответ на выпад с сторона украинский лидер захаров добавить что такой лексика министерство более понятный и доступный для пользователь социальный сеть а отвечать формулировка сложно с это согласиться уместно для статья или выступление на саммит дипломат также отказаться считать свой высказывание унизительный для кто либо в 2015 год на поле саммит g20 барак обама сравнить президент россия с скучать школьник на задний парта поздний в эфир телеканал nbc он заявить что российский партнёр включая президент страна частенько демонстрировать приём эпоха холодный война хотя она уже два десяток год как закончиться,4.0,7.0,2
идти,информация о компания русало опубликовать информационный агентство bloomberg и reuters основать на дилетантский комментарий анонимный источник о это говориться в заявление пресс служба компания на страница в facebook информация агентство получить от анонимный источник сомнительный качество отмечаться в сообщение вымысел подобный источник создавать ложный представление о происходить в то время как компания в сложный ситуация сконцентрировать всё ресурс для поиск оптимальный решение в интерес клиент сотрудник инвестор и кредитор подчеркнуть в русало о какой публикация идти речь не поясняться распространять агентство сведение не иметь общий с действительность и наносить ущерб деловой репутация русало компания сохранять за себя право использовать всё юридический мера для защита свой репутация отметить в пресс служба 26 апрель bloomberg с ссылка на источник сообщить что основной владелец русало бизнесмен олег дерипаск решить не идти на повод сша и не отказываться от контроль над российский компания недавний послабление с сторона американский власть лишь вселить в он уверенность в верность стратегия поэтому отказываться от свой доля в компания он не намеренный отмечать агентство россия не спешить с ответ на санкция сша в отношение русало поскольку надеяться что европейский лидер смочь убедить вашингтон ещё большой смягчить ограничительный мера сообщить в тот же день reuters 23 апрель минфин сша заявить что готовый снять санкция с российский компания если олег дерипаск потерять контроль над русало,4.0,8.0,6
идти,китайский вмешательство в американский выборы расценить как более пагубный нежели российский о это говориться в подготовить речь вица президент сша майк пенс для выступление в институт хадсон 4 октябрь передавать bloomberg в речь указываться что пекин подготовить агент под прикрытие специальный группа и пропагандистский вброс чтобы изменить отношение американец к китайский политика согласно данные спецслужба действие россия меркнуть на фон китайский вмешательство отмечаться в доклад в время выступление он также обвинить китай в вмешательство в промежуточный выборы в конгресс в ноябрь и подрыв авторитет американский лидер дональд трамп сообщать associated press китай хотеть видеть на пост президент сша другой человек отмечаться в речь 28 сентябрь foreign affairs сообщать что несмотря на обострение в отношение между вашингтон и пекин китай мочь рассматривать президентство трамп как удача в частность отмечаться что выход сша из транстихоокеанский партнёрство жёсткий подход к торговля с япония и обсуждение вывод войско из южный корея ослаблять влияние сша в регион и играть на рука китай до это президент сша дональд трамп обвинить власть китай в вмешательство в промежуточный выборы в конгресс сша по мнение белый дом оно достигнуть недопустимый уровень с начало 2018 год между сша и китай идти торговый война который выражаться в взаимный повышение пошлина на различный группа товар трамп обвинить пекин в нечестный игра и пожаловаться на слишком большой дефицит в двусторонний торговый баланс поздний он заявить о торговый победа над китай который уже не смочь обогнать экономика сша по оценка bloomberg ожидаться что из за потеря в торговый война по итог год ввп китай вырасти на 6 6 процент что стать минимальный значение с 1990 год,4.0,1.0,-1
идти,группа втб предложить масса медиа распространять сведение о тот что группа якобы выдать кредит компания qia на приобретение акция роснефть заключить соглашение быть который сводиться к тот что если дать информация оказаться ложный то каждый такой сми заплатить банк по 1 миллиард рубль о это сообщить пресс служба группа втб в последний время в ряд иностранный и российский сми появиться информация о тот что группа втб якобы выдать кредит компания qia на приобретение акция роснефть группа втб уже неоднократно заявлять что это не так подчёркиваться в сообщение банк пресс служба банк также утверждать что группа втб с 2014 год не кредитовать компания qia ранее агентство reuters с ссылка на девять источник сообщить что втб профинансировать значительный часть транзакция речь идти о продажа 19 5 процент акция роснефть суверенный фонд катар и сырьевой трейдер glencore по данные издание размер российский кредит катарский суверенный фонд составить около 6 миллиард доллар,4.0,1.0,-1
идти,на юг москва клиент один из продуктовый база погрузить в машина чёрный икра на общий сумма девять миллион рубль и уехать не заплатить о это лента ру сообщить источник в силовой структура по он слово около 19 00 в полиция обратиться сотрудник один из центр оптовый торговля расположить в ступинский проезд на юг столица они сообщить что двое мужчина увезти на свой ford focus около сто килограмм икра автомобиль объявить в розыск решаться вопрос о уголовный дело по статья кража в особо крупный размер стоимость килограмм чёрный икра колебаться от 45 до 130 тысяча рубль в зависимость от размер и цвет икринка сорт и использовать консервант дешёвый весь оцениваться икра стерлядь дорогой каспийский осётр именно она и похитить с московский база уточнить собеседник лента ру по данные риа новость речь идти о красный икра в мвд агентство сказать что быть похитить 300 килограмм на общий сумма 900 тысяча рубль в ноябрь 2016 год с продуктовый база на восток москва мужчина в одиночка похитить красный лососёвый икра почти на 40 миллион рубль,0.0,2.0,4
идти,катер и яхта перестать пользоваться больший спрос в россия о это лента ру сообщить в пресс служба avito авто добавить что этот вид транспорт сильно подешеветь аналитик выяснить что частый весь в второй квартал 2018 год россиянин интересоваться моторный лодка на они прийтись около 60 процент весь запрос далее идти надувной лодка затем весельный катер и яхта оказаться лишь на четвёртый место последний интересоваться весь 4448 раз одновременно с это специалист отметить рост спрос на водный вид транспорт вообще по сравнение с второй квартал 2017 год в 2018 год он вырасти на три процент и теперь составить 158 797 запрос параллельно с рост спрос на водный вид транспорт падать цена на они по данные исследование сайт большой весь подешеветь катер и яхта если в второй квартал 2017 год они в среднее стоить около 99 тысяча рубль то за тот же период 2018 год они средний цена опуститься до 76 тысяча моторный лодка упасть в цена на 13 процент от 43 тысяча до 38 тысяча рубль надувной на 7 процент маленький весь ценовый изменение затронуть гидроцикл каноэ каяк и весельный лодка однако последний по прежний оставаться самый доступный вид транспорт они можно приобрести весь за 21 тысяча рубль,0.0,6.0,-1
идти,турецкий яхтенный верфь bilgin yachts спустить на вода 80 метровый суперъяхта project 263 о это сообщать super yacht times по данные эксперт судно являться крупный яхта произвести в турция интерьер каюта и другой помещение разработать лондонский студия h2 design studio в настоящий время на судно идти работа по дооборудование на борт предусмотреть внушительный размер зона отдых и спа салон яхта рассчитать на размещение 16 гость в восемь каюта при экипаж в 24 человек силовой установка два дизельный двигатель mtu 16v4000 m73 по 2 625 лошадиный сила каждый проектный максимальный скорость 18 узел около 33 километр в час дальность автономный плавание 5 000 морской миля около 10 тысяча километр на крейсерский скорость 11 узел около 20 километр в час передача яхта владелец запланировать на конец 2019 год имя заказчик не раскрываться bilgin yachts турецкий верфь основать в 1929 год производственный мощность расположить в район стамбул до 2004 год выпускать преимущественно яхта с деревянный корпус,0.0,6.0,4
идти,явка на президентский выборы по данные экзитпол всероссийский центр изучение общественный мнение составить 63 7 процент о это сообщать тасс согласно первый опубликовать официальный данные после обработка 22 процент протокол на выборы побеждать действовать президент владимир путин 72 08 процент второе место занимать выдвиженец от кпрф павел грудинин 15 8 процент третий лидер лдпр владимир жириновский 6 94 процент далёкий идти ксения собчак гражданский инициатива 2 5 процент григорий явлинский яблоко 1 6 борис титов партия рост 1 1 выборы президент россия состояться 18 март последний избирательный участок закрыться в 21 00 по московский время в калининградский область явка на 18 00 по московский время по данные цик составить 59 93 процент большой важный новость в telegram канал лента день подписываться,0.0,3.0,-1
идти,смертность от онкологический заболевание в россия снизиться впервые за три год писать известие с ссылка на росстат по данные ведомство в 2017 год от рак умереть 289 тысяча человек это на 3 5 процент маленький чем год ранее показатель число смерть от онкология впервые за пять год оказаться ниже 200 196 9 случай на 100 тысяча человек в минздрав издание сообщить что последний несколько год идти развитие онкологический служба а среди население широко внедряться индивидуальный профилактика с 2013 год в рамка диспансеризация проводиться массовый скрининг который позволять обнаружить многие вид рак на ранний стадия при это официальный цифра свидетельствовать что число онкобольной в страна постоянно расти так в 2016 год на 100 тысяча человек приходиться 2403 случай злокачественный новообразование в 2006 м они быть на 38 8 процент маленький специалист связывать это с улучшение диагностика накануне 12 март министр здравоохранение вероника скворцов в интервью российский газета сообщить о резкий снижение число смерть от сердечно сосудистый заболевание по она слово за последний пять год смертность от инсульт снизиться на 25 процент а от инфаркт миокард на 17 процент министр отметить что достигнуть такой результат удаться благодаря реформирование система экстренный помощь при сосудистый катастрофа создание сеть сосудистый центр с отделение интенсивный кардиология и острый нарушение мозговой кровообращение применение современный метод диагностика и лечебный технология,0.0,3.0,3
земля,международный коллектив астроном обнаружить свидетельство крупный из известный наука столкновение галактика исследование опубликовать в astrophysical journal сообщать национальный радиоастрономический обсерватория учёный заметить формироваться эллиптический галактика adfs 27 который примерно в 50 раз тяжёлый млечный путь объект расположить на расстояние 12 7 миллиард световой год от земля в созвездие золотой рыба adfs 27 формироваться слияние два галактика расположить на расстояние около 30 тысяча световой год друг от друг и двигаться с относительный скорость в сотня километр в секунда учитывать они крайне большой расстояние от земля и интенсивный звездообразование возможно мы мочь стать свидетель сам мощный слияние галактика известный на сегодняшний день считать соавтор доминик ричерс наблюдение за adfs 27 проводиться при помощь комплекс радиотелескоп alma atacama large millimeter array расположить в пустыня атакама чили специалист полагать что с течение время формироваться adfs 27 притянуть другой галактика свой скопление,4.0,0.0,4
земля,поставить россия в сирия зенитный ракетный комплекс с 300 не способный обнаружить малозаметный истребитель пятый поколение f 35i adir передавать интерфакс заявление министр региональный сотрудничество израиль цахи ханегби по слово чиновник поставка с 300 не сказаться на план по нанесение израиль удар по позиция на территория сирия операционный возможность наш ввс таковой что этот батарея с 300 на сам дело не ограничивать они эффективность заявить чиновник в эфир радиостанция армия оборона израиль министр отметить что с 300 не способный отследить f 35i adir у мы есть малозаметный истребитель этот батарея даже не смочь они отследить подчеркнуть чиновник также ханегби привести мнение член военный политический кабинет израиль туда входить ключевой министр правительство согласно который с 300 допускать уничтожение с воздух и возможно на земля несколько месяц назад мы уже уничтожить сирийский ракетный батарея отметить чиновник по слово министр возможность с 300 давно учитываться израиль при стратегический планирование в октябрь бывший гендиректор головной системный конструкторский бюро концерн алмаз антея игорь ашурбейль заявить что часть технология с 300 быть украсть сша в сентябрь автор the drive тайлера роговеть заметить что f 35i adir в случай необходимость уничтожить с 300 поскольку ввс израиль тренироваться против с 300 много год в греция и в сша в тот же месяц россия отправить в сирия четыре пусковой установка с 300 поставка зрк вызвать инцидент произойти в сентябрь когда российский самолёт разведчик ил 20 сбить ракета сирийский система пво отслеживать израильский истребитель f 16 fighting falcon в россия полагать что с 300 укрепить сирийский оборона в май израиль уничтожить сирийский зенитный ракетный пушечный комплекс российский производство панцирь с1 в тот же месяц армия оборона еврейский государство заявить о первый в мир боевой применение f 35 lightning ii весь израиль заказать у сша 50 истребитель f 35a lightning ii который после доработка получить название f 35i adir система с 300пм поставить в сирия основать на комплекс с 300пс россия принять с 300пм на вооружение в 1993 год модернизированный комплекс способный уничтожать на расстояние до 200 километр самолёт и гиперзвуковой крылатый ракета греция получить право на система с 300пму1 от республика кипр в 2006 2007 год впоследствии с зрк российский производство проводиться военный манёвр в который принимать участие в частность сша великобритания и израиль в свой очередь республика кипр приобрести с 300 у россия ещё в 1999 год рассчитывать такой образ защитить себя от турция,4.0,1.0,1
земля,один человек получить серьёзный ранение после тот как подобрать предмет у станция ворбь гордый стокгольмский метро в район худдинга о это в воскресение 7 январь с ссылка на городской полиция сообщать риа новость согласно поступить данные пострадать мужчина поднять лежать на земля предмет он взорваться и ранить серьёзно мужчина пострадать доставить в больница отметить в полиция по данные правоохранитель сообщение о инцидент поступить в 13 07 по московский время место происшествие оцепить 26 январь 2016 год в торговый комплекс в центр стокгольм произойти взрыв один очевидец произойти рассказать что услышать громкий хлопок а затем звук разбиваться стекло другой отметить что в здание появиться дым в результат инцидент никто не пострадать по данные правоохранительный орган швеция причина инцидент мочь стать пиротехнический устройство,4.0,5.0,1
земля,семья осудить член банда цапковы вячеслав цеповяз тратить на он содержание миллион рубль он питаться в колония красный икра краб и прочий деликатес о это сообщить комсомольский правда бывший супруг цеповяз наталья стришний издание опубликовать несколько снимок из амурский колония на который цеповязнуть позировать за трапеза на стол перед они морепродукт с соевый соус на другой фотография он же в арестантский форма с шашлык на содержание мой бывший муж в тюрьма уходить до три миллион рубль в год я он перечислять деньга он звонить я присылать номер банковский карта там в амурский область быть посредник через он он покупать продукт вызывать к себя врач стоматолог который платить приличный сумма просить и на зоновсковать пасека купить пчела новый улья он там она заниматься потом я узнать что на зона он влезть в долг говорить с они о это объяснять что не мочь большой отправлять он такой сумма когда я отказывать в перевод кричать в трубка оскорблять рассказать стришний женщина сообщить журналист что год назад развестись с цеповяз и теперь он из колония пытаться отсудить у она семейный бизнес предприятие слава кубань по она слово бывший супруг через адвокат пытаться взыскать арендный плата за земля в размер почти 10 миллион рубль и просить наложить на компания арест бывший муж видимо уверенный что заплатить кто то оказаться на свобода у я арестовать всё земля я по суд бегать надо и предприятие какой то образ сохранить 350 человек мочь остаться без работа отметить женщина вячеслав цеповязнуть один из подельник главарь банда сергей цапка который действовать в станица кущёвский краснодарский край в 1990 2000 х год осень 2010 год член банда по приказ лидер напасть на семья фермер аметов и убить 12 человек в тот число четыре ребёнок убийство получить широкий огласка после что в кущёвский быть провести масштабный антикриминальный кампания в ход который быть раскрыть и другой преступление банда лидер банда сергей цапка владимир алексеев и игорь чёрный быть приговорить к пожизненный заключение дядя сергей николай цапка старший и владимир цеповяз приговорить к 20 год поздний верховный суд сократить он срок до 19 год 10 месяц лишение свобода а владимир запорожец к 19 год заключение также быть осудить мать сергей цапка который признать виновный в мошенничество в сентябрь текущий год женщина освободить досрочно сергей цапка скончаться в ночь на 7 июль 2014 год в медчастить краснодарский изолятор по предварительный данные причина смерть стать закупорка лёгочный артерия после отрыв тромб за два день до он смерть в тот же сизый совершить самоубийство игорь чёрный,4.0,3.0,1
земля,новый молочный комплекс th true milk расположить в волоколамский район ожидать прибытие первый партия корова из америка сообщить министр сельский хозяйство и продовольствие московский область андрей разин он слово приводить корреспондент лента ру в четверг 7 декабрь документ подписать сегодня и через 10 час начаться погрузка корова на теплоход 1 2 тысяча корова голштинский порода быть завезти на молочный комплекс th true milk из америка они начать давать первый надой в февраль следующий год рассказать разин по слово министр мощность молочный хозяйство рассчитать на шесть тысяча фуражный гол первый камень в строительство комплекс быть заложить 18 май 2016 год полностью этот молочный ферма быть ввести в эксплуатация в май следующий год предприятие дать регион около 200 рабочий место подчеркнуть разин 8 ноябрь андрей разин заявить что подмосковье мочь занять один из лидировать позиция среди регион россия по производство товарный молоко уже через 3 4 год в тот же день министр сельский хозяйство россия александр ткачёв назвать подмосковье лидер по внедрение инвестиция и субсидия в развитие молочный промышленность в страна он также напомнить что область занимать лидировать позиция по производство молоко ещё в советский время ранее региональный власть выделить концерн th true milk порядок 11 тысяча гектар земля под строительство молочный комплекс th true milk планировать производить как сырьё так и продукт переработка,4.0,1.0,4
земля,результат исследование образец герметик и микрометеоритный защита отобрать с обшивка бытовой отсек корабль союз мс 09 мочь быть засекретить сообщить интерфакс информированный источник в космический отрасль образец который быть взять российский космонавт в время выход в открытый космос быть отправить на земля где они в течение неделя изучить команда криминалист фсб эксперт намерить выяснить что стать причина появление отверстие в обшивка корабль союз мс 09 отмечаться что космонавт который отрезать часть обшивка удаться собрать достаточно информация необходимый для установление обстоятельство возникновение дырка слово о тот что результат расследование мочь засекретить агентство подтвердить другой источник в отрасль в настоящий момент элемент защита корабль храниться на мкс криминалист фсб сначала получить фотография часть обшивка а потом и сам элемент согласно данные агентство в ракетный космический отрасль нет лаборатория с достаточный уровень компетенция и технический оснащение для проведение такой исследование космонавт олег кононенко и сергей прокопьев обследовать внешний поверхность союз мс 09 в середина декабрь космонавт вскрыть теплоизоляция и панель противометеоритный защита в предполагать место прорыв откуда в август произойти утечка воздух а также осмотреть и сфотографировать отверстие в бытовой отсек,0.0,4.0,1
ручка,специалист химический лаборатория портон даун в великобритания не удаться доказать что использовать для отравление бывший полковник гру сергей скрипалить газ семейство новичок иметь российский происхождение о это sky news рассказать руководитель лаборатория гэри эйткенхэда сообщаться в twitter телеканал отмечаться что эксперт вообще не удаться установить откуда в соединить королевство появиться новичок эйткенхэда подчеркнуть что специалист лаборатория не заниматься определение происхождение и место производство отравлять вещество по он слово в они сфера деятельность входить только определение тип и семейство яд сергей скрипаль и он дочь быть найти в бессознательный состояние в сквер в солсбери 4 март лондон считать что они отравить нервно паралитический токсин новичок как именно это произойти до сей пора не выяснить сообщаться что яд наслать на ручка входной дверь дом полиция также не исключать что отравлять вещество мочь находиться в гречневый круп лондон возложить ответственность за покушение на москва россия отрицать всё обвинение из за произойти соединить королевство и почти 30 другой страна выслать российский дипломат москва ответить симметричный мера,3.0,1.0,2
ручка,итальянский модный дом dolce gabbana представить линия сумка devotion о это сообщаться в пресс релиз прислать в редакция лента ру в пятница 24 август сумка на ремешок цепочка с золотистый покрытие сшить из натуральный кожа чёрный белый или красный цвет с узорный простёжка аксессуар украшать металлический застёжка в форма обрамить лист сердце один из символ dolce gabbana каждый сердце изготавливаться вручную в традиционный техника из сплав бронза и латунь покрываться позолота и украшаться жемчужина лето 2018 год модный дом dolce gabbana представить в россия новый версия свой знаковый сумка sicily сумка впервые выполнить из полупрозрачный каучук в розовый сиреневый зелёный красный серый чёрный и другой цвета сумка отделать декоративный строчка она снабдить два короткий ручка и съёмный плечевой ремень из текстиль с кожаный деталь подходящий по цвет к оттенок сумка на клапан сумка разместить золотистый металлический застёжка прямоугольник с логотип,3.0,0.0,3
ручка,американский бренд аксессуар класс люкс judith leiber выпустить новый линия сумка клатч в ценовой категория 400 500 доллар о это сообщать wwd let s play judithleibercouture holiday2017 фото опубликовать judithleiberny среди прочий модель в коллекция представить клатч в вид пакетик с картофель фри полностью покрыть цветной страз и кубик рубик коллекция разработать дизайнер ди оклеппо хилфигера dee ocleppo hilfiger супруг дизайнер и предприниматель томми хилфигера прийти на работа в judith leiber в 2017 год фотография модель разместить в instagram аккаунт бренд и вызвать оживлённый обсуждение среди пользователь они назвать милотой so cute и выразить пожелание чтобы бренд выпустить футляр для смартфон в тот же дизайн ранее сообщаться что модный бренд helmut lang выпустить женский сумка из специальный металлизированный материал из который изготавливать упаковка для заморозить продукт предлагать в супермаркет аксессуар с два ручка и небольшой логотип производитель на лицевой сторона продаваться за 320 доллар,3.0,0.0,1
ручка,итальянский автопроизводитель maserati представить в салон maserati москва новый версия внедорожник levante levante nerissimo с полностью чёрный кузов версия разработать для модель levante а также ghibli и quattroporte представить в модификация gransport верхний часть решётка радиатор трезубец боковой воздухозаборник задний стойка и эмблема maserati отделать чёрный хром а решётка радиатор дверной ручка насадка выхлопной труба и оконный рамка выполнить в эксклюзивный чёрный цвет чёрный также отделка противотуманный фара и 20 дюймовый литой диск urano для модель levante доступный в качество дополнительный опция чёрный обводка салон тоже выдержать в чёрный цвет отделка мочь быть выбрать из три вариант цвет dark mirror black piano и carbon в 2017 год продажа автомобиль maserati в россия составить 382 экземпляр это почти в восемь раз большой чем в 2016 год рост связывать с успех внедорожник maserati levante появиться на российский рынок в конец 2016 год россиянин купить 345 экземпляр этот модель 90 процент от число весь продать автомобиль кроме тот в 2017 год быть приобрести 23 бизнес седан ghibli и 14 спортивный седан quattroporte,3.0,0.0,2
ручка,в китай пассажир решить проветрить самолёт после приземление и открыть аварийный люк о это сообщать издание south china morning post 25 летний мужчина прилететь с остров хайнань ждать высадка в аэропорт китайский город мяньян провинция сычуаня поскольку в самолёт быть так душный так жарко я просто нажать ручка на окно возле себя рассказывать он рычаг предназначаться для аварийный эвакуация после нажатие люк отбросить от самолёт и он упасть на взлётный посадочный полоса после это перед ошарашить пассажир автоматически развернуться надувной трап когда дверь отвалиться я запаниковать утверждать мужчина по он слово он не знать что открыться аварийный люк авиакомпания сомневаться в он честность поскольку стюардесса рассказывать о назначение рычаг перед каждый рейс полиция задержать пассажир на 15 сутки кроме тот он оштрафовать на 70 тысяча юань около 700 тысяча рубль деньга пойти на возмещение ущерб который он действие причинить авиакомпания в февраль сообщаться что в аэропорт нью джерси авиапассажир решить что перепутать рейс и выпрыгнуть из аварийный выход самолёт по слово очевидец он стать кричать открыть дверь аварийный выход самолёт и съехать по надувной трап после что он арестовать,3.0,1.0,2
общество,внешний сила пытаться спровоцировать гражданский конфликт в крым о это говориться в заявление крымско татарский организация сообщать риа новость заявление поддержать 20 общественный организация в текст говориться что несмотря на попытка оказать внешний давление крымчанин осуждать дестабилизация мир и готовый взять на себя ответственность в вопрос социально экономический развитие республика сохранение и укрепление межнациональный отношение в выстраивание доверительный и партнёрский отношение с орган власть и институт гражданский общество общественник также заявить о готовность противостоять санкционный давление и информационный атака крым войти в состав россия в март 2014 год 16 март в регион состояться референдум в ход который по официальный данные подавлять большинство проголосовать высказаться за присоединение к россия 18 март решение о принятие полуостров в состав рф огласить в внеочередной послание федеральный собрание президент россия владимир путин киев отказаться признать результат плебисцит в москва отмечать что процедура присоединение регион соответствовать норма международный право,1.0,3.0,2
общество,рукопись маг xvii век продать на аукцион toovey s в западный сассекс великобритания за 22 тысяча фунт стерлинг около два миллион рубль о это сообщать mirror на 476 страница рукописный текст изложить подробный инструкция о тот как с помощь магия влюбить в себя человек похудеть понять что больной человек точно умереть а также заставить женщина танцевать голый согласно руководство чтобы последний свершиться необходимо произнести заклинание ала аймаленький ala aymala или написать он на воск однако метод сработать только в тот случай если ритуал быть совершить в полнолуние авторство приписывать один из кудесник из эссекс почитать в общество группа якобы известный свой магический сила ранее в октябрь на аукцион в париж за 250 евро продать окурок французский рок исполнитель и актёр джонни холлидея помимо окурок аукционный дом друо выставить на торг синий пиджак певец изготовить модный дом yves saint laurent в 1971 год он купить за 20 тысяча евро,1.0,1.0,2
общество,закон о частичный декриминализация статья 282 ук рф возбуждение ненависть либо вражда а равно унижение человеческий достоинство принять осень заявить спикер совет федерация валентина матвиенко она слово приводить тасс в четверг 4 октябрь по срок я уверить что мы это очень быстро сделать потому что острота восприятие это закон в общество оставаться достаточно высокий уверить что точно принять в этот сессия возможно в течение месяц полтора не поздний сказать она матвиенко отметить своевременность дать инициатива она подчеркнуть что президент владимир путин который ранее внести в госдума проект закон внимательно следить за дискуссия в общество спикер выразить уверенность в тот что этот закон даже после поправка нуждаться в постоянный мониторинг правоприменительный практика и более тот в дальнейший развитие и уточнение глава государство предложить отменить уголовный наказание за разовый нарушение который не представлять серьёзный угроза для конституционный строй уголовный ответственность за экстремизм совершенный публично в интернет или сми быть наступать в тот случай если нарушение совершить более один раз в течение год в кремль заявить что законопроект призвать исправить проявление маразм,1.0,3.0,3
общество,итальянский бренд big uncle раскритиковать за использование слово колониализм написать на вещь из новый коллекция о это сообщать independent писательница мирель харпер mireille harper написать петиция с требование отозвать весь линейка одежда я не знать действительно ли big uncle откровенный расист или они просто допустить ошибка однако они казаться понятие не иметь о тот какой травма нанести цветной человек и как общество до сей пора заставлять они с это сталкиваться особенно в они родный страна италия где предубеждение и расизм иметь место даже сегодня прокомментировать 23 летний харпер на момент публикация материал свой подпись под петиция поставить 583 человек представитель компания big uncle заявить что коллекция не быть создать для чествование кровопролитие и империализм он также добавить что надпись колониализм на футболка никак не прославлять исторический период а призывать человек задуматься над они в март американский сервис коллективный покупка groupon обвинить в продажа женский обувь с расистский название покупатель обнаружить что сапог угга представить на сайт доступный в три цвета чёрный коричневый и в цвет название который оскорбительно для чернокожий,1.0,1.0,2
общество,ряд западный партнёр белоруссия в восторг от позиция минск относительно суверенитет и международный правовой статус ряд регион на территория постсоветский пространство с такой заявление в среда 31 октябрь на открытие встреча основной группа мюнхенский конференция по безопасность выступить президент белоруссия александр лукашенко передавать tut by по он слово ряд европейский страна иметь претензия к минск мы говорить что европа заинтересовать в суверенитет беларусь при это отдельный наш западный партнёр в восторг от позиция минск по абхазия и южный осетия по крым и донбасс однако как только доходить до конкретный вопрос взаимодействие то у мы оказываться есть проблема с право человек сказать лукашенко давать посмотреть что происходить с демократия в западный европа если уже немец не оценить роль канцлер германия ангел меркель в история и готовый она выкинуть на задворки то я вы поздравлять вы посмотреть что происходить у вы в европа с демократия а вы всё говорить о демократия в бывший советский республика заявить он также белорусский лидер поделиться свой прогноз на будущее вы скоро приехать к мы учиться наш демократия потому что у мы есть стабильность для нормальный жизнь человек девчонка не должный бояться в школа ходить в юбка о какой право человек тут можно говорить где право 70 человек который расстрелять в норвегия а он сидеть в трехкомнатный тюрьма хорошо он в 2011 год норвежец андерс брейвика совершить два теракт устроить взрыв в правительственный квартал осло жертва который стать восемь человек после что преступник отправиться в молодёжный лагерь правящий норвежский рабочий партия на остров утойя где расстрелять ещё 69 человек сейчас он отбывать 21 летний тюремный срок в трехкомнатный камера прим лента ру поведать президент белоруссия лукашенко подчеркнуть что для белоруссия один из ключевой составлять не только фундаментальный право человек но и безопасность быть и оставаться социально экономический сфера я глубоко убеждённый что в нестабильный общество не мочь быть обеспечить право и свобода человек кто то сейчас на запад говорить что самый демократичный страна в восточный европа сегодня это украина но кто из вы хотеть жить в этот демократический украина например на донбасс сказать он кроме тот белоруссия многое делать для евросоюз в сфера безопасность страна создать эффективный заслон на путь нелегальный миграция наркотрафик и криминал в европа даже мышь не проползти через наш граница в европа заверить лукашенко указ о признание независимость абхазия и южный осетия россия в август 2008 год подписать президент рф дмитрий медведев после неудачный попытка тбилиси вернуть южный осетия под свой контроль независимость южный осетия признать сирия никарагуа венесуэла и науру о признание абхазия помимо этот четыре страна заявлять вануату белоруссия независимость абхазия и южный осетия не признать крым войти в состав россия в март 2014 год после референдум на который большинство проголосовать высказаться за такой решение официальный минск до сей пора не признать российский статус крым на часть территория донецкий и луганский область украина продолжаться вооружённый противостояние между киевский власть и самопровозглашённый донецкий и луганский народный республика заявить о свой независимость в апрель 2014 год украина считать этот территория оккупировать россия независимость республика не признаваться ни один государство член оон,1.0,3.0,2
общество,участник iv восточный экономический форум вэф в рамка один из ключевой сессия обсудить тема посвятить цифровизация экономика а также тот какой возможность и перспектива в этот сфера открываться для дальний восток в частность они отметить что цифровизация являться один из актуальный тренд развитие экономика и общество цифровой революция давать огромный возможность в денежный сфера мы говорить о рождение принципиально новый тип деньга не столько о криптовалюта сколько о национальный цифровой валюта заявить советник президент россия сергей глазьев по слово татьяна ремезовой ведущий программа вести всероссийский государственный телевизионный и радиовещательный компания вгтрк признание значимость роль цифровой экономика являться она ежегодный увеличение доля ввп в российский ввп пока цифровой экономика составлять 2 8 процент или 75 миллиард доллар причём больший она часть 63 миллиард доллар приходиться на сфера потребление отметить она один из ключевой проблема в этот сфера по мнение участник встреча являться отсутствие нормативный правовой база для развитие цифровой экономика цифровой законодательство писаться с чистый лист он сегодня нет не только в наш страна он вообще нигде нет в мир заявить сергей жигарев председатель комитет государственный дума федеральный собрание по экономический политика промышленность инновационный развитие и предпринимательство нормативный среда на сегодня не учитывать ключевой свойство новый экономика высокий ценность нематериальный актив размывание граница и предельно низкий затрата на тиражирование бизнес модель в тот число регуляторный вопрос который должный быть быть решить ещё вчера определение юридический природа новый цифровой актив идентификация субъект цифровой экономика юридический сила электронный документ форма государственный контроль бизнес регулирование оборот данные и доступ к они такой образ чтобы они быть защитить и в то же время доступный для решение различный бизнес задача сказать старший вица президент заместитель председатель совет директор гмк норильский никель вица президент зао холдинговый компания интеррос андрей бугров исполнительный операционный директор bitlish ltd коссара сохейл заметить у мы нет метод юридический регулирование блокчейн и криптовалюта международный стандарт который применяться бы повсеместно не существовать также участник встреча отметить необходимость в тот чтобы ясно быть описать понятие смарт контракт который по слово дмитрий уфаева гендиректор bitfury russia позволить поверх блокчейн дописывать различный бизнес логика и взаимодействовать более эффективно кроме тот отставание регулирование и киберпреступность создавать риск для экономика и общество подчеркнуть собраться когда всё приходить в цифровой вид должный обеспечиваться и гарантировать сохранность данные указать сергей мытенковы вица президент российский союз промышленник и предприниматель рсппа ни в один страна мир мы не мочь надлежащий образ защитить право участник смарт контракт страна не понимать юридический природа смарт контракт сказать элина сидоренко руководитель рабочий группа по оценка риск оборот криптовалюта государственный дума биткоина и другой криптовалюта не считаться валюта и следовательно подлежать свободный оборот с другой сторона когда добавляться дополнительный характеристика надстраиваться над криптовалюта это мочь становиться угроза для экономика заявить джулия чарлтон партнёр адвокат charltons в целое по мнение участник сессия бизнес и общество не готовый к цифровизация сейчас основный задача в тот чтобы решить два ключевой проблема донести до государство консолидированный позиция большой экономика и большой бизнес в этот часть второй помочь сам большой бизнес да и малый и средний бизнес разобраться что конкретно они хотеть с чем мы иметь дело что такой цифровизация считать элина сидоренко самый важный отметить сергей мытенковы работа с население поскольку не всё готовый переходить на цифровой технология технологический термин который мы заимствовать из английский язык необходимо начать переводить на русский язык считать анатолий бобрак заместитель генеральный директор по корпоративный вопрос ао фонд развитие дальний восток и байкальский регион один из решение существующий в этот сфера проблема участник сессия назвать создание регулятивный база цифровизация регулирование процесс цифровизация должный основываться на принцип умеренный вмешательство государство в новый экономический отношение с сохранение за они функция контроль и надзор на финансовый рынок заявить андрей бугров цифровой экономика не мочь быть субъектовой или региональный она сразу носить планетарный характер очень важно договориться с парламентарий из другой страна о тот что мы вкладывать в термин самый простой понятие чтобы они и у мы восприниматься и звучать абсолютно одинаково сказать сергей жигарев председатель комитет государственный дума по экономический политика промышленность инновационный развитие и предпринимательство необходимо также создание модель безопасность данные для большой экономика вход в цифра должный быть проторить не только законодательство определять статус участник но также и выстраивание модель безопасность считать элина сидоренко кроме тот требоваться и реорганизация образовательный процесс необходимо уходить в сторона практический дуальный образование то что сейчас происходить в образование более теоретик а молодёжь это не устраивать отметить алексей мостовщик сопредседатель магаданский региональный отделение общероссийский общественный организация деловой россия,0.0,3.0,3
общество,картина илья репин иван грозный и сын он иван находиться в постоянный экспозиция государственный третьяковский галерея повредить сообщать интерфакс вандал металлический столбик ограждение разбить стекло защищать картина работа изъять из экспозиция и перенести в реставрационный мастерская подозревать задержать картина нанести серьёзный повреждение сообщить представитель третьяковский галерея холст прорвать в три место в центральный часть работа на фигура царевич от падение стекло сильно пострадать авторский художественный рама по счастливый случайность самый ценный изображение лицо и рука царь и царевич не пострадать реставратор провести неотложный аварийный работа извлечь осколок стекло произвести демонтаж картина и рама картина иван грозный и сын он иван 16 ноябрь 1581 год также известный под название иван грозный убивать свой сын написать русский художник илья репин с 1883 по 1885 год и в 1885 м приобрести основатель третьяковский галерея павел михаилович третьяков у автор в время экспозиция общество передвижной художественный выставка полотно представить в постоянный экспозиция третьяковский галерея и никогда не выдаваться на выставка,0.0,0.0,3
общество,министр внутренний дело украина арсен авак рассказать о красный линия при деоккупация донбасс статья министр опубликовать на сайт издание украинский правда красный линия министр назвать принципиальный положение компромисс по который для украина невозможный по мнение авакова не мочь быть предмет дискуссия изменение государственный устройство украина нельзя ставить вопрос о переход к федеративный устройство конституция чётко определять что украина являться унитарный государство территория украина в предел существующий граница целостный и неприкосновенный писать украинский министр второй красный линия который по мнение авакова не готовый перейти украина являться вопрос контроль граница она должный контролировать исключительно украинский пограничник международный миротворец мочь выступать лишь наблюдатель и гарант от возможный провокация глава мвд писать что житель непризнанный республика донбасс являться гражданин украина который находиться в сфера юрисдикция украинский юстиция и подчиняться закон украина на это основание авак отказывать в право на амнистия тем кто совершить тяжкий преступление виновный в убийство украинский солдат и мирный житель а также организовывать захват власть министр отвергать любой возможность восстановление контроль украина над донбасс в обмен на признание крым часть россия также украинский министр отказываться обсуждать стратегический стремление украина стать член ес и нато при это глава мвд назвать открытый вопрос о особый статус неподконтрольный украина территория донбасс временный или постоянный статус русский язык и выплата долг по социальный платёж который официальный киев не выплачивать с 2014 год по слово авакова подобный условие позволять определить мера возможный компромисс по спорный вопрос и готовность общество этот компромисс понять обсудить и принять решение арсен авак не первый раз озвучивать свой стратегия по деоккупация донбасс в апрель это год глава украинский мвд представить свой план маленький шаг который заключаться в постепенный возвращение под контроль украина неподконтрольный она территория донбасс,0.0,3.0,3
общество,в австралия принять за бомба забытый в аэропорт коробка с кролик о это сообщить новостной портал fox news инцидент произойти вечером 27 июнь в аэропорт город аделаида штат южный австралия уборщица обнаружить в женский туалет подозрительно выглядеть пакет на место прибыль сапёр они обыскать сумка и наслать в она коробка с самец карликовый кролик мы относиться к весь что связать с авиация очень серьёзно и наш сапёр однозначно не ожидать обнаружить кролик в забытый багаж прокомментировать ситуация коммандер полиция бретта маккэнн brett mccann животное передать в королевский общество защита животное от жестокий обращение на мой 26 летний практика это первый подобный случай этот крольчонок отлично ладить с человек видно что за они ухаживать сказать зоозащитница налик вэн лоэнэн nalika van loenen она добавить что до она приезд полицейский сам позаботиться о животный посадить он в больший коробка и дать тёртый морковь зоозащитник надеяться найти хозяйка кролик,0.0,1.0,2
общество,учёный из северо западный университет в эванстон сша выяснить где быть сделать пять знаменитый бронзовый скульптура пабло пикассо время второй мировой война о это они рассказать на конференция американский научный общество в остин писать риа новость указанный скульптура храниться в национальный музей пикассо в париж и быть создать в время оккупация франция именно поэтому история они создание быть неизвестный искусство художник в тот период быть запретить как дегенеративный кроме тот всё запас бронза конфисковываться для нужда вермахт американский специалист установить точный химический и изотопный состав скульптура и сравнить дать с химический состав и спектр бронза который использовать известный литейщик работать с пикассо в париж и в другой город где он жить выясниться что пять изваяние быть отлить в мастерская известный литейщик эмиль робекка emile robecchi в париж состав сплав и он химический характеристика сильно различаться для каждый статуя по мнение учёный это говорить о тот что робеччи работать подпольно и постоянно сталкиваться с перебой поставка медь и олово,0.0,0.0,3
ум,некоммерческий организация росконтроль провести анализ популярный бренд шампанское российский производство копия итог анализ иметься в распоряжение лента ру в исследование участвовать бренд рисп российский шампанский абрау дюрсо наследие мастер левъ голицынъ цимлянский шампанский буржуа а также советский шампанский по итог исследование дегустатор самый вкусный быть признать шампанский наследие мастер левъ голицынъ по итог экспертиза оно набрать 85 балл на второй место буржуа 80 балл замыкать тройка абрау дюрсо 77 балл экспертиза показать что проверить образец шампанское не являться фальсификат так как по показатель качество соответствовать требование указанный в маркировка стандарт маркировка также соответствовать наименование четыре образец из шесть иметь хороший органолептический свойство и всё вино можно считать безопасный рассказать глава экспертный направление организация андрей мосова мы провести минь опрос в вконтакте по предпочтение читатель советский шампанский получить 75 балл и расположиться на четвёртый место к игристый вино посредственный качество эксперт организация отнести российский шампанский и цимлянский шампанский который получить 69 и 68 балл соответственно всё бренд шампанское не представлять угроза для жизнь всё выполнить в соответствие с действовать стандарт самый дорогой из перечисленный бренд являться наследие мастер левъ голицынъ 390 рубль за бутылка на второй место цимлянский шампанский 333 рубль на третий абрау дюрсо 328 рубль бутылка буржуа обойтись в 227 рубль российский шампанское в 217 рубль а советский в 180 рубль лента ру напоминать что чрезмерный употребление алкоголь вредить ваш здоровье отмечать с ум,0.0,2.0,-1
ум,форвард сборная россия и зенит артём дзюба прокомментировать нежелание отдельный болельщик поддерживать национальный команда из за клубный пристрастие видео беседа с спортсмен опубликовать в свой twitter аккаунт журналист дмитрий егоров клубный предпочтение мешать переживать за сборная я считать это не от большой ум если честно нужно болеть за свой страна то же самый и в еврокубок играть там спартак надо весь страна болеть за спартак так же с зенит и цска есть сборная россия есть мы заявить дзюба он также добавить что внутри сборная футболист не иметь клубный предпочтение 7 сентябрь сборная россия обыграть в гость турция в первый матч лига нация с счёт 2 1 дзюба выйти на встреча с капитанский повязка стать автор второй гол в ворота турковы дзюба являться воспитанник московский спартак как профессиональный футболист он выступать за команда с 2006 по 2015 год с перерыв на аренда с 2015 год дзюба нападать зенит,0.0,2.0,1
ум,в американский город вудсток штат иллинойс военный лётчик сыграть в прятки с свой собака после завершение шестимесячный командировка за рубеж о это сообщать fox 32 chicago пилот зак вохаск zach vohaska вернуться домой из афганистан он решить удивить свой золотистый ретривер по кличка бадди и спрятаться под одеяло другой член семья привести пёс и снять он реакция на видео в 2017 год сообщаться что собака не сразу узнать собственный хозяин когда он вернуться сильно похудеть после пятинедельный отсутствие опознать хозяин пёс прыгнуть на он буквально сходить с ум от радость,0.0,1.0,-1
ум,глава оленинский район тверской область олег дуб который вступить в словесный перепалка с местный житель на торжественный церемония открытие фонарь заявить что сми исказить он слово и он назвать свой оппонент пьяный урод а не лысый урод о это он рассказать в эфир радиостанция говорить москва я сказать он пьяный урод а не лысый начать с это отметить дуб чиновник также опровергнуть сообщение о тот что он выражаться нецензурно кроме тот он подчеркнуть что скандал вокруг он слово быть раздутый специально и за это стоить конфликт интерес интерес связать с земля сказать дуб у я не вызывать сомнение кто это выгодно я приблизительно представлять себя бюджет этот кампания он не стать называть заказчик информационный кампания так как для это он нужный доказательство 5 август сообщаться что дуб торжественно открыть фонарь в село холмец однако после критический замечание житель церемония перерасти в словесный перепалка жительница село обратить внимание глава район на то что фонарь освещать фасад здание а не дорога и спросить о возможность перевесить или развернуть он в ответ они услышать что это не они ум дело отмечать караван я родственник один из женщина заступиться за они и уточнить стоимость фонарь чтобы установить он за свой счёт по слово очевидец дуб обругать предложение слово пойти ты лысый урод также он назвать собраться группа агрессивный молодёжь и подогреть алкоголь гопотой в 2016 год дуб участвовать в церемония открытие помойка и перерезать красный ленточка интернет пользователь стать иронизировать над они предлагать сделать этот день праздничный,0.0,0.0,-1
ум,глава оленинский район тверской область олег дуб торжественно открыть фонарь в село холмец однако после критический замечание житель церемония перерасти в словесный перепалка о это сообщать межобластной еженедельник караван я по информация издание наш жизнь на который ссылаться дуб местный житель в холмец идти на открытие как на праздник улыбаться поздравлять друг друг потому что они ждать и просить уличный освещение в свой деревня жительница село обратить внимание глава район на то что фонарь освещать фасад здание а не дорога и спросить о возможность перевесить или развернуть он в ответ от власть они услышать что это не они ум дело передавать караван я родственник один из женщина заступиться за они и уточнить стоимость фонарь чтобы установить он за свой счёт по слово очевидец дуб обругать предложение мужчина пойти ты лысый урод заметить он глава район посчитать что присутствовать на церемония житель нетрезвый и обозвать они группа агрессивный молодёжь и подогреть алкоголь гопотой пообещать что устроенный они майдан не пройти для они бесследно и это стать урок для другой поселение дуб считать что праздник испортить приехать на отдых горожанин а тихий и спокойный селянин быть просто не в состояние адекватно ответить на это хамство они стать горожанин причём не самый хороший и не самый успешный такой кто вместе с городской привычка впитывать в себя чувство собственный превосходство по отношение к сельский житель высказывать свой точка зрение издание наш жизнь который поддерживать чиновник караван я отмечать что район лишиться освещение при дубово но из за обращение гражданин он вынудить снова открывать маломощный подсветка на дорога сколько ещё житель оленинский район быть терпеть унижение от глава неужели для губернатор игорь рудени совсем не важно какой метод олег дуб добиваться пресловутый стабильность и молчание вопрошать автор статья в 2016 год дуб участвовать в церемония открытие помойка и перерезать красный ленточка напоминать караван я интернет пользователь стать иронизировать над дубовый предлагать установить в этот день официальный праздничный день,0.0,0.0,-1
ум,британский фотограф ребекка лилит батори rebecca lillith bathory опубликовать книга в который войти фотография сто самый жуткий место с весь мир стать объект притяжение любитель тёмный туризм о это сообщать the sun тёмный туризм очень наглядный практика как и туризм в целое вы не только чувствовать свой местоположение но и видеть он свой глаз и в большинство случай фотографировать он чтобы продлить этот момент в случай тёмный туризм фотография этот место запечатлевать идеология и ужас который некоторый предпочесть бы забыть навсегда рассказать автор книга тёмный туризм в книга войти фотография знаменитый парижский катакомба в который находиться кость более шесть миллион человек эггенбургский склеп в австрия полностью построить из человеческий кость готический кладбищенский костёл костница в седлец чехия батори не обойти сторона и исторический место печально известный массовый смерть она фотографировать освенцим польша самый крупный немецко фашистский концентрационный лагерь восточный государственный тюрьма в филадельфия в который узник содержать в изоляция и они сходить с ум также в фотопроект войти город чернобыль в который в 1986 год произойти крупный катастрофа в история атомный энергетика из за что город оказаться забросить в 2016 год фотограф отправиться в путешествие по двадцать страна и посетить сто туристический объект чтобы изучить самый тёмный и загадочный страница история туристический место быть найти в великобритания германия австрия чехия франция мексика япония польша индия и многий другой страна,4.0,2.0,-1
ум,в американский штат луизиана 15 летний подросток угнать грузовик слить бензин из бак и сжечь баптистский миссионерский церковь святой павел о происшествие сообщать the independent инцидент произойти в город ричланда как отмечаться сгореть не основный здание а новый построить несколько месяц назад о пожар местный шериф сообщить очевидец они также рассказать что незадолго до возгорание видеть отъезжать от здание церковь грузовик за руль который сидеть молодой человек компания владелец транспортный средство удаться засечь он перемещение в итог автомобиль задержать возле церковный приход в соседний округ колдуэлла поздний появиться информация что подросток иметь отношение к угон ещё один грузовик этот же фирма молодой человек арестовать информация о мотив подросток пока нет издание уточнять что он белый а большинство прихожанин храм афроамериканец мы не знать почему бог знать что у человек на ум мы просто просить помолиться и за он и за наш церковный семья сказать журналист прихожанка мэри александр газета писать что церковь недавно отметить 137 летний годовщина основание,4.0,1.0,-1
ум,похищение кубок чемпионат мир по футбол в 1966 год организовать лондонский гангстер сидень кугульер sidney cugullere о это заявить он племянник гэри кугульер сообщать the guardian он утверждать что сидень сделать это из азарт и не преследовать финансовый выгода он не предупредить о свой план даже собственный брат рег который ходить с они на дело сидень показать он спрятать под полый кубок лишь после тот как они уйти с место преступление кража произойти незадолго до чемпионат когда кубок демонстрировать публика в методистский центральный зал в вестминстер охранник патрулировать выставка обнаружить что витрина и задний дверь здание взломать а награда исчезнуть через три день председатель футбольный ассоциация англия джо мирс joe mears получить записка от похититель они требовать 15 тысяча фунт стерлинг мелкий купюра и угрожать уничтожить кубок если о это узнать пресса или полиция для связь предлагаться использовать шифровать объявление в газета the evening news мирс рассказать о записка скотленд ярд полиция организовать передача чемодан с деньга но мужчина явиться за выкуп что то заподозрить и попытаться сбежать после задержание он уверять что быть только посредник по он слово человек по кличка поляк обещать он 500 фунт стерлинг если обмен пройти без проблема через семь день собака найти пропасть кубок в куст на юг лондон он быть завернуть в газета и перевязать бечёвка владелец пёс попасть под подозрение но у он оказаться алиби похититель так и не наслать гэри кугульер утверждать что кубок прятать в угольный сарай зять рег это сводить отец с ум говорить он он знать что они ни за что он не продать оба понять что прийтись вернуть они удаться это провернуть и не попасться сидень умереть в 2005 год через 39 год после кража рег скончаться в 2012 м в 2017 год сообщаться что суд рассмотреть обвинение в адрес подозревать в причастность к крупный в история сша кража картина в фбр полагать что 81 летний роберт джентайла по кличка повар участвовать в ограбление бостонский музей изабелла стюарт гарднер в 1990 год,4.0,1.0,-1
ум,президент белоруссия александр лукашенко рекомендовать чиновник работать так чтобы на грядущий выборы глава государство и депутат парламент народ проголосовать за представитель власть такой заявление он сделать в время разговор с анатолий сивак который назначить мэр минск сообщать бёлтый глава государство подчеркнуть что выборы это экзамен для власть это экзамен который мы всё быть сдавать мы не быть довлеть над народ и продвигать какой то один кандидатура мы должный подойти к выборы так чтобы в ум человек даже не быть альтернатива подчеркнуть он лукашенко уточнить что альтернативный кандидат на руководящий пост разумеется быть но они гражданин страна прим лента ру при весь недостаток власть должный понимать и оценить власть положительно подытожить президент в пятница 23 ноябрь лукашенко раскритиковать правительство повод для это стать отток белорусский строитель за рубеж в октябрь лукашенко заявить о безмозглость член совет министр после тот как они обратиться в правоохранительный орган с предложение ввести ограничение на продажа алкоголь в ночной время в результат президент назвать решение правительство эксперимент и отменить он,4.0,0.0,1
ум,полярник с франко итальянский антарктический станция конкордия наглядно продемонстрировать условие свой работа о это говориться на официальный аккаунт европейский космический агентство esa в facebook кто нибыть хотеть заморозить лапша при температура минус 60 градус по цельсий в антарктида внимательно смотреть сколько остывать ваш обед говориться в подпись к фотография на который намотать на вилка лапша стоить вертикально esa отправлять учёный в антарктида чтобы изучать последствие длительный изоляция понимание тот как наш тело и ум адаптироваться к экстремальный условие помочь преодолеть проблема длительный полёт на борт мкс говориться на сайт агентство в конец 2017 год в сеть изумляться тот что ребёнок в оймякон послать в школа при температура минус 50 градус по цельсий для отмена урок в это населить пункт якутия не хватить два градус,4.0,2.0,-1
